AnswerID,QuestionID,SortOrder,AnswerText,RequiredEvidenceIDs,IsCorrect,EffectGroupID,ResultText,NextType,NextID
QArchivePattern_Correct,QArchivePattern,10,과거 기사와 빈민가 목격담은 같은 방식의 실종이 기록에서 반복해 지워졌음을 보여 준다.,"EvOldArticles, EvSlumWitness",true,,신문의 삭제와 목격자의 공포가 같은 빈자리를 가리킨다. 실종은 개인의 불운이 아니라 반복된 구조였다.,Resume,
QArchivePattern_Erosion,QArchivePattern,20,"목격자가 떨었으니, 사라진 사람들은 아직 빈민가 골목에서 이름을 부른다.",EvSlumWitness,false,eff_question_erosion,두려운 증언을 유령의 증거로 바꿨다. 반복을 만든 기록의 손길은 다시 어둠 속으로 숨는다.,Resume,
QArchivePattern_Credibility,QArchivePattern,30,낡은 기사 몇 장만으로 모든 현재 실종이 같은 범인의 짓이라고 쓴다.,,false,eff_question_credibility,기사만으로는 현재의 실종을 단정할 수 없다. 시간의 간격과 증언의 빈칸을 무시한 기사거리가 된다.,Resume,
QCallPattern_Correct,QCallPattern,10,쪽지의 지시와 푸른 천의 표식은 사람을 낙원으로 몰아넣은 같은 호출의 흔적이다.,"EvNote, EvBlueCloth",true,,글로 남은 지시와 몸에 남는 표식이 겹친다. 호출은 우연한 폐기물이 아니라 사람을 움직이는 명령이었다.,Resume,
QCallPattern_Erosion,QCallPattern,20,붉은 쪽지는 읽는 사람마다 제 발로 낙원으로 끌려가게 만든다.,EvNote,false,eff_question_erosion,명령의 흔적을 곧장 저주의 힘으로 바꿨다. 누가 사람을 몰았는지 묻는 질문이 사라진다.,Resume,
QCallPattern_Credibility,QCallPattern,30,푸른 천 하나만으로 공장과 낙원이 같은 명령을 썼다고 발표한다.,,false,eff_question_credibility,표식 하나는 의심의 출발점일 뿐 연결의 증거는 아니다. 서로 다른 장소를 너무 빨리 한 사건으로 묶었다.,Resume,
QIpangyuCall_Correct,QIpangyuCall,10,붉은 쪽지는 낙원 쪽에서 이판규를 직접 불러낸 호출이다.,EvNote,true,,쪽지의 지시가 이판규의 행선지와 맞물린다. 그는 우연히 달아난 것이 아니라 낙원 쪽 호출에 떠밀렸다.,Resume,
QIpangyuCall_Erosion,QIpangyuCall,20,이판규를 부른 것은 쪽지가 아니라 공장 안에 남은 의식 그 자체다.,EvRitualNote,false,eff_question_erosion,의식의 기척을 너무 쉽게 의지로 읽었다. 기록보다 공포가 먼저 결론을 밀어 넣는다.,Resume,
QIpangyuCall_Credibility,QIpangyuCall,30,푸른 천은 이판규가 공장 인부에게 불려갔다는 명찰이다.,,false,eff_question_credibility,푸른 천만으로는 누가 누구를 불렀는지 증명할 수 없다. 추측이 기록의 빈칸을 대신했다.,Resume,
QIpangyuMadness_Correct,QIpangyuMadness,10,"붉은 쪽지가 남아 있으므로, 이판규의 호출 이야기는 실제 흔적과 맞닿아 있다.",EvNote,true,,발작처럼 흘린 말과 쪽지의 호출이 맞물린다. 그의 말은 죄를 피하려 지어낸 헛소리만은 아니다.,Resume,
QIpangyuMadness_Erosion,QIpangyuMadness,20,이판규는 공장에 남은 노래를 들었기에 이미 의식의 편이 되었다.,EvRitualNote,false,eff_question_erosion,불안한 기척을 곧장 공모의 증거로 바꿨다. 사람의 말이 의식의 소음 속으로 가라앉는다.,Resume,
QIpangyuMadness_Credibility,QIpangyuMadness,30,푸른 천이 있었으니 이판규의 진술은 전부 사실이다.,,false,eff_question_credibility,천 조각 하나로 진술 전체를 보증할 수는 없다. 반박은 근거가 아니라 성급한 단정이 되었다.,Resume,
QRitualAccident_Correct,QRitualAccident,10,의례실 종이의 순서와 몫은 이 일이 준비된 구조였음을 반박한다.,EvRitualNote,true,,종이에 남은 순서와 숫자는 우발적 광신이라는 설명을 무너뜨린다. 누군가가 사람 수까지 세며 의식을 준비했다.,Resume,
QRitualAccident_Erosion,QRitualAccident,20,가면의 네 눈이 움직였으니 그날의 광기는 저절로 시작됐다.,EvMask,false,eff_question_erosion,섬뜩한 인상을 원인으로 단정했다. 두려움은 계획을 읽는 대신 스스로 움직이는 물건을 만들어 낸다.,Resume,
QRitualAccident_Credibility,QRitualAccident,30,"옛 기사에 소란이 적혔으니, 그날은 준비 없는 난동이었다.",,false,eff_question_credibility,기사의 소란이라는 표현만으로 준비 여부를 가를 수 없다. 요약 문장이 현장의 구조를 지웠다.,Resume,
QRitualErasure_Correct,QRitualErasure,10,악보의 노래와 의례실 기록은 사람의 이름을 흐리고 배역으로 바꾸는 정해진 절차다.,"EvRitualScore, EvRitualNote",true,,"노래의 결과 기록의 순서가 맞물린다. 의식은 사람을 단번에 없애지 않고, 이름부터 의례의 몫으로 바꿨다.",Resume,
QRitualErasure_Erosion,QRitualErasure,20,악보를 읽는 순간 노래가 내 이름까지 지워 버린다.,EvRitualScore,false,eff_question_both,"의식의 위험을 현재의 확정된 운명으로 발표했다. 공포가 기록을 잠식하며, 남길 문장마저 흔들린다.",Resume,
QRitualErasure_Credibility,QRitualErasure,30,의례실 종이 한 장만으로 노래가 모든 사람의 이름을 지웠다고 단정한다.,,false,eff_question_credibility,종이는 절차의 일부를 보여 줄 뿐 노래의 작동 전체를 증명하지 않는다. 한 조각을 결론으로 삼았다.,Resume,
QRitualLead_Correct,QRitualLead,10,감응 악보와 의례실 기록은 누군가가 순서와 사람 수를 세며 의식을 주도했음을 보여 준다.,"EvRitualScore, EvRitualNote",true,,악보의 결과 기록의 숫자가 같은 구조를 가리킨다. 낙원의 의식은 우발적 소문이 아니라 누군가 끝까지 쥔 판이었다.,Resume,
QRitualLead_Erosion,QRitualLead,20,"가면의 눈이 나를 바라보았으니, 가면 자체가 의식을 주도했다.",EvMask,false,eff_question_erosion,시선의 감각을 주체의 증거로 삼았다. 사람과 물건의 경계가 흐려질수록 기록은 멀어진다.,Resume,
QRitualLead_Credibility,QRitualLead,30,낡은 기사에 이름이 없으니 신문사가 의식을 주도했다.,,false,eff_question_credibility,삭제된 이름은 은폐의 흔적이지 주도자의 서명은 아니다. 빈칸을 범인으로 발표할 수는 없다.,Resume,
QRoom4Purpose_Correct,QRoom4Purpose,10,청색 한복과 네 눈 가면은 4호실이 사람을 의례의 배역으로 준비시키던 곳임을 보여 준다.,"EvBlueHanbok, EvMask",true,,의복과 가면은 장식이 아니라 역할을 갈아 끼우는 도구였다. 4호실은 사람을 의례의 몫으로 준비시키던 자리다.,Resume,
QRoom4Purpose_Erosion,QRoom4Purpose,20,일기에 남은 이름이 흐려졌으니 4호실 벽이 사람의 이름을 먹었다.,EvDiary,false,eff_question_erosion,사람을 지운 구조를 방의 괴물로 바꿔 버렸다. 벽보다 그 벽을 사용한 이들이 먼저 사라진다.,Resume,
QRoom4Purpose_Credibility,QRoom4Purpose,30,청색 한복 하나가 있으니 4호실은 단순한 분장실이었다.,,false,eff_question_credibility,한 벌의 옷만으로 방의 용도를 줄여 버렸다. 가면과 기록이 가리키는 강제의 구조를 놓쳤다.,Resume,
QSonggeumMissing_Correct,QSonggeumMissing,10,송금은 일기에 적힌 대로 의례의 배역으로 밀려 들어가며 사라졌다.,EvDiary,true,,"일기는 송금의 실종이 도피가 아니라, 사람을 의례의 몫으로 바꾸는 순서 안에서 벌어진 소거였음을 남긴다.",Resume,
QSonggeumMissing_Erosion,QSonggeumMissing,20,청색 한복이 송금의 몸을 삼켜 낙원 안으로 데려갔다.,EvBlueHanbok,false,eff_question_erosion,의복에 남은 기척을 사람의 운명으로 덮어썼다. 남은 기록을 읽기보다 공포가 빈자리를 채운다.,Resume,
QSonggeumMissing_Credibility,QSonggeumMissing,30,낡은 기사에 실종이 적혔으니 송금도 같은 날 도망쳤다.,,false,eff_question_credibility,기사의 반복은 구조를 암시할 뿐 송금의 행적을 확정하지 않는다. 시대와 사람을 억지로 한 줄에 묶었다.,Resume,
QSonggeumRunaway_Correct,QSonggeumRunaway,10,"일기는 송금에게 도망칠 틈이 없었고, 의례의 배역으로 정해졌음을 보여 준다.",EvDiary,true,,송금의 실종은 스스로 떠난 도피가 아니다. 선택당한 사람을 지워 버리는 의례의 순서가 그를 밀어 넣었다.,Resume,
QSonggeumRunaway_Erosion,QSonggeumRunaway,20,송금은 청색 한복을 입는 순간 자기 이름을 버리고 사라지기로 했다.,EvBlueHanbok,false,eff_question_erosion,옷의 상징을 송금의 자발적 선택으로 바꿔 버렸다. 의식이 강요한 자리에 그의 목소리는 남지 않는다.,Resume,
QSonggeumRunaway_Credibility,QSonggeumRunaway,30,옛 기사에도 도망자가 있었으니 송금도 같은 방식으로 달아났다.,,false,eff_question_credibility,"과거 기사는 반복을 의심하게 할 뿐, 송금의 선택을 말해 주지 않는다. 비교가 증언을 대신했다.",Resume,
